[
  {
    "_id": "Linux系统日志数据",
    "_type": "search",
    "_source": {
      "title": "Linux系统日志数据",
      "description": "",
      "hits": 0,
      "columns": [
        "syslog_hostname",
        "syslog_program",
        "syslog_message"
      ],
      "sort": [
        "@timestamp",
        "desc"
      ],
      "version": 1,
      "kibanaSavedObjectMeta": {
        "searchSourceJSON": "{\"index\":\"logstash-*\",\"highlight\":{\"pre_tags\":[\"@kibana-highlighted-field@\"],\"post_tags\":[\"@/kibana-highlighted-field@\"],\"fields\":{\"*\":{}},\"fragment_size\":2147483647},\"filter\":[],\"query\":{\"query_string\":{\"query\":\"type:syslog\",\"analyze_wildcard\":true}}}"
      }
    }
  }
]