[
  {
    "_id": "Linux系统日志数据图",
    "_type": "dashboard",
    "_source": {
      "title": "Linux系统日志数据图",
      "hits": 0,
      "description": "",
      "panelsJSON": "[{\"id\":\"Linux系统日志数据总量\",\"type\":\"visualization\",\"size_x\":4,\"size_y\":2,\"col\":1,\"row\":1},{\"id\":\"Linux系统日志监控主机数量\",\"type\":\"visualization\",\"size_x\":4,\"size_y\":2,\"col\":5,\"row\":1},{\"id\":\"Linux系统日志程序类型Top5\",\"type\":\"visualization\",\"size_x\":4,\"size_y\":2,\"col\":9,\"row\":1},{\"id\":\"Linux系统日志时间总量图\",\"type\":\"visualization\",\"size_x\":12,\"size_y\":2,\"col\":1,\"row\":3},{\"id\":\"Linux系统messages日志数据\",\"type\":\"search\",\"size_x\":12,\"size_y\":3,\"col\":1,\"row\":5,\"columns\":[\"syslog_hostname\",\"syslog_program\",\"syslog_message\"],\"sort\":[\"@timestamp\",\"desc\"]}]",
      "version": 1,
      "timeRestore": false,
      "kibanaSavedObjectMeta": {
        "searchSourceJSON": "{\"filter\":[{\"query\":{\"query_string\":{\"query\":\"*\",\"analyze_wildcard\":true}}}]}"
      }
    }
  }
]