[
  {
    "_id": "Linux系统历史命令数据图",
    "_type": "dashboard",
    "_source": {
      "title": "Linux系统历史命令数据图",
      "hits": 0,
      "description": "",
      "panelsJSON": "[{\"col\":1,\"id\":\"Linux系统历史命令数据总量\",\"row\":1,\"size_x\":3,\"size_y\":2,\"type\":\"visualization\"},{\"col\":4,\"id\":\"Linux系统历史命令监控主机数量\",\"row\":1,\"size_x\":3,\"size_y\":2,\"type\":\"visualization\"},{\"col\":7,\"id\":\"Linux系统历史命令运行最多Top5\",\"row\":1,\"size_x\":3,\"size_y\":2,\"type\":\"visualization\"},{\"col\":1,\"id\":\"Linux系统历史命令时间数据总量\",\"row\":3,\"size_x\":12,\"size_y\":2,\"type\":\"visualization\"},{\"col\":1,\"columns\":[\"HOSTNAME\",\"LI\",\"LU\",\"NU\",\"CMD\"],\"id\":\"Linux系统历史命令数据\",\"row\":5,\"size_x\":12,\"size_y\":3,\"sort\":[\"@timestamp\",\"desc\"],\"type\":\"search\"},{\"id\":\"Linux系统历史命令登陆主机Top5\",\"type\":\"visualization\",\"size_x\":3,\"size_y\":2,\"col\":10,\"row\":1}]",
      "version": 1,
      "timeRestore": false,
      "kibanaSavedObjectMeta": {
        "searchSourceJSON": "{\"filter\":[{\"query\":{\"query_string\":{\"analyze_wildcard\":true,\"query\":\"*\"}}}]}"
      }
    }
  }
]