[
  {
    "_id": "Linux系统历史命令数据",
    "_type": "search",
    "_source": {
      "title": "Linux系统历史命令数据",
      "description": "",
      "hits": 0,
      "columns": [
        "HOSTNAME",
        "LI",
        "LU",
        "NU",
        "CMD"
      ],
      "sort": [
        "@timestamp",
        "desc"
      ],
      "version": 1,
      "kibanaSavedObjectMeta": {
        "searchSourceJSON": "{\"index\":\"logstash-*\",\"highlight\":{\"pre_tags\":[\"@kibana-highlighted-field@\"],\"post_tags\":[\"@/kibana-highlighted-field@\"],\"fields\":{\"*\":{}},\"fragment_size\":2147483647},\"filter\":[],\"query\":{\"query_string\":{\"query\":\"type:command\",\"analyze_wildcard\":true}}}"
      }
    }
  }
]